Date,Mountain,x,y
40992,Peekamoose Mountain,3,25
40993,Table Mountain,3,26
40994,0,-2,-2
40995,0,-2,-2
40996,0,-2,-2
40997,0,-2,-2
40998,0,-2,-2
40999,0,-2,-2
41000,0,-2,-2
41001,0,-2,-2
41002,0,-2,-2
41003,0,-2,-2
41004,0,-2,-2
41005,0,-2,-2
41006,0,-2,-2
41007,0,-2,-2
41008,0,-2,-2
41009,0,-2,-2
41010,0,-2,-2
41011,0,-2,-2
41012,0,-2,-2
41013,0,-2,-2
41014,0,-2,-2
41015,0,-2,-2
41016,0,-2,-2
41017,0,-2,-2
41018,0,-2,-2
41019,0,-2,-2
41020,0,-2,-2
41021,0,-2,-2
41022,0,-2,-2
41023,0,-2,-2
41024,0,-2,-2
41025,0,-2,-2
41026,0,-2,-2
41027,0,-2,-2
41028,0,-2,-2
41029,0,-2,-2
41030,0,-2,-2
41031,0,-2,-2
41032,0,-2,-2
41033,0,-2,-2
41034,0,-2,-2
41035,0,-2,-2
41036,0,-2,-2
41037,0,-2,-2
41038,0,-2,-2
41039,0,-2,-2
41040,0,-2,-2
41041,0,-2,-2
41042,0,-2,-2
41043,0,-2,-2
41044,0,-2,-2
41045,0,-2,-2
41046,0,-2,-2
41047,0,-2,-2
41048,Cornell Mountain,5,27
41049,Wittenberg Mountain,5,22
41050,0,-2,-2
41051,0,-2,-2
41052,0,-2,-2
41053,0,-2,-2
41054,0,-2,-2
41055,0,-2,-2
41056,0,-2,-2
41057,0,-2,-2
41058,0,-2,-2
41059,0,-2,-2
41060,0,-2,-2
41061,0,-2,-2
41062,0,-2,-2
41063,0,-2,-2
41064,0,-2,-2
41065,0,-2,-2
41066,0,-2,-2
41067,0,-2,-2
41068,0,-2,-2
41069,0,-2,-2
41070,0,-2,-2
41071,0,-2,-2
41072,0,-2,-2
41073,0,-2,-2
41074,0,-2,-2
41075,0,-2,-2
41076,0,-2,-2
41077,0,-2,-2
41078,0,-2,-2
41079,0,-2,-2
41080,0,-2,-2
41081,0,-2,-2
41082,0,-2,-2
41083,0,-2,-2
41084,0,-2,-2
41085,0,-2,-2
41086,0,-2,-2
41087,0,-2,-2
41088,0,-2,-2
41089,0,-2,-2
41090,0,-2,-2
41091,0,-2,-2
41092,0,-2,-2
41093,0,-2,-2
41094,0,-2,-2
41095,0,-2,-2
41096,Slide Mountain,7,35
41097,0,-2,-2
41098,0,-2,-2
41099,0,-2,-2
41100,0,-2,-2
41101,0,-2,-2
41102,0,-2,-2
41103,0,-2,-2
41104,0,-2,-2
41105,0,-2,-2
41106,0,-2,-2
41107,0,-2,-2
41108,0,-2,-2
41109,0,-2,-2
41110,0,-2,-2
41111,0,-2,-2
41112,0,-2,-2
41113,0,-2,-2
41114,0,-2,-2
41115,0,-2,-2
41116,0,-2,-2
41117,0,-2,-2
41118,0,-2,-2
41119,0,-2,-2
41120,0,-2,-2
41121,0,-2,-2
41122,0,-2,-2
41123,0,-2,-2
41124,0,-2,-2
41125,0,-2,-2
41126,0,-2,-2
41127,0,-2,-2
41128,0,-2,-2
41129,0,-2,-2
41130,0,-2,-2
41131,0,-2,-2
41132,0,-2,-2
41133,0,-2,-2
41134,0,-2,-2
41135,0,-2,-2
41136,0,-2,-2
41137,0,-2,-2
41138,0,-2,-2
41139,0,-2,-2
41140,0,-2,-2
41141,0,-2,-2
41142,0,-2,-2
41143,0,-2,-2
41144,0,-2,-2
41145,0,-2,-2
41146,0,-2,-2
41147,0,-2,-2
41148,0,-2,-2
41149,0,-2,-2
41150,0,-2,-2
41151,0,-2,-2
41152,0,-2,-2
41153,0,-2,-2
41154,Panther Mountain,9,18
41155,0,-2,-2
41156,0,-2,-2
41157,0,-2,-2
41158,0,-2,-2
41159,0,-2,-2
41160,0,-2,-2
41161,0,-2,-2
41162,0,-2,-2
41163,0,-2,-2
41164,0,-2,-2
41165,0,-2,-2
41166,0,-2,-2
41167,0,-2,-2
41168,Cornell Mountain,9,27
41169,Wittenberg Mountain,9,22
41170,0,-2,-2
41171,0,-2,-2
41172,0,-2,-2
41173,0,-2,-2
41174,0,-2,-2
41175,0,-2,-2
41176,0,-2,-2
41177,0,-2,-2
41178,0,-2,-2
41179,0,-2,-2
41180,0,-2,-2
41181,0,-2,-2
41182,0,-2,-2
41183,0,-2,-2
41184,0,-2,-2
41185,0,-2,-2
41186,0,-2,-2
41187,0,-2,-2
41188,0,-2,-2
41189,0,-2,-2
41190,0,-2,-2
41191,0,-2,-2
41192,0,-2,-2
41193,0,-2,-2
41194,0,-2,-2
41195,0,-2,-2
41196,0,-2,-2
41197,0,-2,-2
41198,0,-2,-2
41199,0,-2,-2
41200,0,-2,-2
41201,0,-2,-2
41202,0,-2,-2
41203,0,-2,-2
41204,0,-2,-2
41205,0,-2,-2
41206,0,-2,-2
41207,0,-2,-2
41208,0,-2,-2
41209,0,-2,-2
41210,0,-2,-2
41211,0,-2,-2
41212,0,-2,-2
41213,0,-2,-2
41214,0,-2,-2
41215,0,-2,-2
41216,0,-2,-2
41217,0,-2,-2
41218,0,-2,-2
41219,0,-2,-2
41220,0,-2,-2
41221,0,-2,-2
41222,0,-2,-2
41223,0,-2,-2
41224,0,-2,-2
41225,0,-2,-2
41226,0,-2,-2
41227,0,-2,-2
41228,0,-2,-2
41229,Peekamoose Mountain,11,25
41230,0,-2,-2
41231,0,-2,-2
41232,0,-2,-2
41233,0,-2,-2
41234,0,-2,-2
41235,0,-2,-2
41236,0,-2,-2
41237,0,-2,-2
41238,0,-2,-2
41239,0,-2,-2
41240,0,-2,-2
41241,0,-2,-2
41242,0,-2,-2
41243,0,-2,-2
41244,0,-2,-2
41245,0,-2,-2
41246,0,-2,-2
41247,0,-2,-2
41248,0,-2,-2
41249,0,-2,-2
41250,0,-2,-2
41251,0,-2,-2
41252,0,-2,-2
41253,0,-2,-2
41254,0,-2,-2
41255,0,-2,-2
41256,0,-2,-2
41257,0,-2,-2
41258,0,-2,-2
41259,0,-2,-2
41260,0,-2,-2
41261,0,-2,-2
41262,0,-2,-2
41263,0,-2,-2
41264,0,-2,-2
41265,0,-2,-2
41266,0,-2,-2
41267,0,-2,-2
41268,0,-2,-2
41269,Hunter Mountain,12,34
41270,Southwest Hunter,12,21
41271,0,-2,-2
41272,0,-2,-2
41273,Rusk Mountain,12,15
41274,0,-2,-2
41275,0,-2,-2
41276,0,-2,-2
41277,0,-2,-2
41278,0,-2,-2
41279,Bearpen Mountain,1,7
41280,Vly Mountain,1,3
41281,0,-2,-2
41282,0,-2,-2
41283,0,-2,-2
41284,0,-2,-2
41285,0,-2,-2
41286,Lone Mountain,1,19
41287,Rocky Mountain,1,1
41288,0,-2,-2
41289,0,-2,-2
41290,0,-2,-2
41291,0,-2,-2
41292,0,-2,-2
41293,0,-2,-2
41294,0,-2,-2
41295,0,-2,-2
41296,0,-2,-2
41297,0,-2,-2
41298,0,-2,-2
41299,0,-2,-2
41300,0,-2,-2
41301,0,-2,-2
41302,0,-2,-2
41303,0,-2,-2
41304,0,-2,-2
41305,0,-2,-2
41306,0,-2,-2
41307,0,-2,-2
41308,0,-2,-2
41309,0,-2,-2
41310,0,-2,-2
41311,0,-2,-2
41312,0,-2,-2
41313,0,-2,-2
41314,0,-2,-2
41315,0,-2,-2
41316,0,-2,-2
41317,0,-2,-2
41318,0,-2,-2
41319,0,-2,-2
41320,0,-2,-2
41321,0,-2,-2
41322,0,-2,-2
41323,0,-2,-2
41324,0,-2,-2
41325,0,-2,-2
41326,0,-2,-2
41327,0,-2,-2
41328,0,-2,-2
41329,0,-2,-2
41330,0,-2,-2
41331,0,-2,-2
41332,0,-2,-2
41333,0,-2,-2
41334,0,-2,-2
41335,0,-2,-2
41336,Slide Mountain,3,35
41337,0,-2,-2
41338,0,-2,-2
41339,0,-2,-2
41340,0,-2,-2
41341,0,-2,-2
41342,Balsam Mountain,3,8
41343,0,-2,-2
41344,0,-2,-2
41345,0,-2,-2
41346,0,-2,-2
41347,0,-2,-2
41348,Panther Mountain,3,18
41349,0,-2,-2
41350,Black Dome,3,33
41351,Blackhead,3,31
41352,Thomas Cole,3,32
41353,0,-2,-2
41354,0,-2,-2
41355,0,-2,-2
41356,0,-2,-2
41357,0,-2,-2
41358,0,-2,-2
41359,0,-2,-2
41360,0,-2,-2
41361,0,-2,-2
41362,0,-2,-2
41363,0,-2,-2
41364,0,-2,-2
41365,0,-2,-2
41366,0,-2,-2
41367,0,-2,-2
41368,0,-2,-2
41369,0,-2,-2
41370,0,-2,-2
41371,0,-2,-2
41372,0,-2,-2
41373,0,-2,-2
41374,0,-2,-2
41375,0,-2,-2
41376,0,-2,-2
41377,0,-2,-2
41378,0,-2,-2
41379,0,-2,-2
41380,0,-2,-2
41381,0,-2,-2
41382,0,-2,-2
41383,0,-2,-2
41384,0,-2,-2
41385,0,-2,-2
41386,0,-2,-2
41387,0,-2,-2
41388,0,-2,-2
41389,0,-2,-2
41390,0,-2,-2
41391,0,-2,-2
41392,Eagle Mountain,4,9
41393,Balsam Mountain,4,8
41394,0,-2,-2
41395,0,-2,-2
41396,0,-2,-2
41397,0,-2,-2
41398,Windham High Peak,5,2
41399,0,-2,-2
41400,0,-2,-2
41401,0,-2,-2
41402,0,-2,-2
41403,0,-2,-2
41404,0,-2,-2
41405,0,-2,-2
41406,0,-2,-2
41407,0,-2,-2
41408,0,-2,-2
41409,0,-2,-2
41410,0,-2,-2
41411,0,-2,-2
41412,0,-2,-2
41413,0,-2,-2
41414,0,-2,-2
41415,0,-2,-2
41416,0,-2,-2
41417,0,-2,-2
41418,0,-2,-2
41419,0,-2,-2
41420,Halcott Mountain,5,4
41421,0,-2,-2
41422,0,-2,-2
41423,0,-2,-2
41424,Balsam Mountain,5,8
41425,0,-2,-2
41426,0,-2,-2
41427,0,-2,-2
41428,0,-2,-2
41429,0,-2,-2
41430,0,-2,-2
41431,0,-2,-2
41432,0,-2,-2
41433,0,-2,-2
41434,0,-2,-2
41435,0,-2,-2
41436,0,-2,-2
41437,0,-2,-2
41438,0,-2,-2
41439,0,-2,-2
41440,0,-2,-2
41441,0,-2,-2
41442,0,-2,-2
41443,0,-2,-2
41444,Friday Mountain,6,16
41445,Balsam Cap,6,12
41446,0,-2,-2
41447,0,-2,-2
41448,0,-2,-2
41449,0,-2,-2
41450,0,-2,-2
41451,0,-2,-2
41452,0,-2,-2
41453,0,-2,-2
41454,0,-2,-2
41455,0,-2,-2
41456,Plateau Mountain,7,24
41457,Twin Mountain,7,13
41458,Indian Head,7,6
41459,Sugarloaf Mountain,7,23
41460,0,-2,-2
41461,0,-2,-2
41462,0,-2,-2
41463,0,-2,-2
41464,0,-2,-2
41465,0,-2,-2
41466,0,-2,-2
41467,0,-2,-2
41468,0,-2,-2
41469,0,-2,-2
41470,0,-2,-2
41471,0,-2,-2
41472,0,-2,-2
41473,0,-2,-2
41474,0,-2,-2
41475,0,-2,-2
41476,Big Indian Mountain,7,17
41477,Fir Mountain,7,11
41478,0,-2,-2
41479,0,-2,-2
41480,0,-2,-2
41481,0,-2,-2
41482,0,-2,-2
41483,0,-2,-2
41484,0,-2,-2
41485,0,-2,-2
41486,0,-2,-2
41487,0,-2,-2
41488,0,-2,-2
41489,0,-2,-2
41490,0,-2,-2
41491,0,-2,-2
41492,0,-2,-2
41493,0,-2,-2
41494,0,-2,-2
41495,0,-2,-2
41496,0,-2,-2
41497,Doubletop Mountain,8,28
41498,0,-2,-2
41499,0,-2,-2
41500,0,-2,-2
41501,0,-2,-2
41502,0,-2,-2
41503,0,-2,-2
41504,Kaaterskill High Peak,8,14
41505,0,-2,-2
41506,0,-2,-2
41507,0,-2,-2
41508,North Dome,8,10
41509,Sherrill Mountain,8,5
41510,Graham Mountain,8,29
41511,Balsam Lake Mountain,8,20
41512,0,-2,-2
41513,West Kill,8,30
41514,0,-2,-2
41515,0,-2,-2
41516,0,-2,-2
41517,0,-2,-2
41518,0,-2,-2
41519,0,-2,-2
41520,0,-2,-2
41521,0,-2,-2
41522,0,-2,-2
41523,0,-2,-2
41524,0,-2,-2
41525,0,-2,-2
41526,0,-2,-2
41527,0,-2,-2
41528,0,-2,-2
41529,0,-2,-2
41530,0,-2,-2
41531,0,-2,-2
41532,0,-2,-2
41533,0,-2,-2
41534,0,-2,-2
41535,0,-2,-2
41536,0,-2,-2
41537,0,-2,-2
41538,0,-2,-2
41539,0,-2,-2
41540,0,-2,-2
41541,0,-2,-2
41542,0,-2,-2
41543,0,-2,-2
41544,0,-2,-2
41545,0,-2,-2
41546,0,-2,-2
41547,0,-2,-2
41548,0,-2,-2
41549,0,-2,-2
41550,0,-2,-2
41551,0,-2,-2
41552,0,-2,-2
41553,0,-2,-2
41554,0,-2,-2
41555,0,-2,-2
41556,0,-2,-2
41557,0,-2,-2
41558,0,-2,-2
41559,0,-2,-2
41560,0,-2,-2
41561,0,-2,-2
41562,0,-2,-2
41563,0,-2,-2
41564,0,-2,-2
41565,0,-2,-2
41566,0,-2,-2
41567,0,-2,-2
41568,0,-2,-2
41569,0,-2,-2
41570,0,-2,-2
41571,0,-2,-2
41572,0,-2,-2
41573,Table Mountain,10,26
41574,Peekamoose Mountain,10,25
41575,0,-2,-2
41576,0,-2,-2
41577,0,-2,-2
41578,0,-2,-2
41579,0,-2,-2
41580,0,-2,-2
41581,0,-2,-2
41582,0,-2,-2
41583,0,-2,-2
41584,0,-2,-2
41585,0,-2,-2
41586,0,-2,-2
41587,0,-2,-2
41588,0,-2,-2
41589,0,-2,-2
41590,0,-2,-2
41591,0,-2,-2
41592,0,-2,-2
41593,Black Dome,11,33
41594,Blackhead,11,31
41595,Thomas Cole,11,32
41596,0,-2,-2
41597,0,-2,-2
41598,0,-2,-2
41599,0,-2,-2
41600,0,-2,-2
41601,0,-2,-2
41602,0,-2,-2
41603,0,-2,-2
41604,0,-2,-2
41605,0,-2,-2
41606,0,-2,-2
41607,0,-2,-2
41608,0,-2,-2
41609,0,-2,-2
41610,0,-2,-2
41611,0,-2,-2
41612,0,-2,-2
41613,0,-2,-2
41614,0,-2,-2
41615,0,-2,-2
41616,0,-2,-2
41617,0,-2,-2
41618,0,-2,-2
41619,0,-2,-2
41620,0,-2,-2
41621,0,-2,-2
41622,0,-2,-2
41623,0,-2,-2
41624,0,-2,-2
41625,0,-2,-2
41626,0,-2,-2
41627,0,-2,-2
41628,0,-2,-2
41629,0,-2,-2
41630,0,-2,-2
41631,0,-2,-2
41632,0,-2,-2
41633,0,-2,-2
41634,0,-2,-2
41635,0,-2,-2
41636,0,-2,-2
41637,0,-2,-2
41638,0,-2,-2
41639,0,-2,-2
41640,0,-2,-2
41641,0,-2,-2
41642,0,-2,-2
41643,0,-2,-2
41644,0,-2,-2
41645,0,-2,-2
41646,0,-2,-2
41647,0,-2,-2
41648,0,-2,-2
41649,0,-2,-2
41650,0,-2,-2
41651,0,-2,-2
41652,0,-2,-2
41653,0,-2,-2
41654,0,-2,-2
41655,0,-2,-2
41656,0,-2,-2
41657,0,-2,-2
41658,0,-2,-2
41659,0,-2,-2
41660,0,-2,-2
41661,0,-2,-2
41662,0,-2,-2
41663,0,-2,-2
41664,0,-2,-2
41665,0,-2,-2
41666,0,-2,-2
41667,0,-2,-2
41668,0,-2,-2
41669,0,-2,-2
41670,0,-2,-2
41671,0,-2,-2
41672,0,-2,-2
41673,0,-2,-2
41674,0,-2,-2
41675,0,-2,-2
41676,0,-2,-2
41677,0,-2,-2
41678,0,-2,-2
41679,0,-2,-2
41680,0,-2,-2
41681,0,-2,-2
41682,0,-2,-2
41683,0,-2,-2
41684,0,-2,-2
41685,0,-2,-2
41686,0,-2,-2
41687,0,-2,-2
41688,0,-2,-2
41689,0,-2,-2
41690,0,-2,-2
41691,0,-2,-2
41692,0,-2,-2
41693,0,-2,-2
41694,0,-2,-2
41695,0,-2,-2
41696,0,-2,-2
41697,0,-2,-2
41698,0,-2,-2
41699,0,-2,-2
41700,0,-2,-2
41701,0,-2,-2
41702,0,-2,-2
41703,0,-2,-2
41704,0,-2,-2
41705,0,-2,-2
41706,0,-2,-2
41707,0,-2,-2
41708,0,-2,-2
41709,0,-2,-2
41710,0,-2,-2
41711,0,-2,-2
41712,0,-2,-2
41713,Windham High Peak,3,2
41714,0,-2,-2
41715,0,-2,-2
41716,0,-2,-2
41717,0,-2,-2
41718,0,-2,-2
41719,0,-2,-2
41720,0,-2,-2
41721,0,-2,-2
41722,0,-2,-2
41723,0,-2,-2
41724,0,-2,-2
41725,0,-2,-2
41726,0,-2,-2
41727,0,-2,-2
41728,0,-2,-2
41729,0,-2,-2
41730,0,-2,-2
41731,0,-2,-2
41732,0,-2,-2
41733,0,-2,-2
41734,0,-2,-2
41735,0,-2,-2
41736,0,-2,-2
41737,0,-2,-2
41738,0,-2,-2
41739,0,-2,-2
41740,0,-2,-2
41741,0,-2,-2
41742,0,-2,-2
41743,0,-2,-2
41744,0,-2,-2
41745,0,-2,-2
41746,0,-2,-2
41747,0,-2,-2
41748,0,-2,-2
41749,0,-2,-2
41750,0,-2,-2
41751,0,-2,-2
41752,0,-2,-2
41753,0,-2,-2
41754,0,-2,-2
41755,0,-2,-2
41756,0,-2,-2
41757,0,-2,-2
41758,0,-2,-2
41759,0,-2,-2
41760,0,-2,-2
41761,0,-2,-2
41762,Table Mountain,5,26
41763,Peekamoose Mountain,5,25
41764,0,-2,-2
41765,0,-2,-2
41766,0,-2,-2
41767,0,-2,-2
41768,0,-2,-2
41769,0,-2,-2
41770,0,-2,-2
41771,0,-2,-2
41772,0,-2,-2
41773,0,-2,-2
41774,0,-2,-2
41775,0,-2,-2
41776,0,-2,-2
41777,0,-2,-2
41778,0,-2,-2
41779,0,-2,-2
41780,0,-2,-2
41781,0,-2,-2
41782,0,-2,-2
41783,0,-2,-2
41784,Hunter Mountain,5,34
41785,Southwest Hunter,5,21
41786,0,-2,-2
41787,0,-2,-2
41788,0,-2,-2
41789,0,-2,-2
41790,0,-2,-2
41791,Twin Mountain,6,13
41792,Indian Head,6,6
41793,0,-2,-2
41794,0,-2,-2
41795,0,-2,-2
41796,0,-2,-2
41797,0,-2,-2
41798,Black Dome,6,33
41799,Blackhead,6,31
41800,Thomas Cole,6,32
41801,0,-2,-2
41802,0,-2,-2
41803,0,-2,-2
41804,0,-2,-2
41805,0,-2,-2
41806,0,-2,-2
41807,0,-2,-2
41808,0,-2,-2
41809,0,-2,-2
41810,0,-2,-2
41811,0,-2,-2
41812,0,-2,-2
41813,0,-2,-2
41814,0,-2,-2
41815,0,-2,-2
41816,0,-2,-2
41817,0,-2,-2
41818,0,-2,-2
41819,Eagle Mountain,6,9
41820,Balsam Mountain,6,8
41821,0,-2,-2
41822,0,-2,-2
41823,0,-2,-2
41824,0,-2,-2
41825,0,-2,-2
41826,0,-2,-2
41827,0,-2,-2
41828,0,-2,-2
41829,0,-2,-2
41830,0,-2,-2
41831,0,-2,-2
41832,0,-2,-2
41833,0,-2,-2
41834,0,-2,-2
41835,0,-2,-2
41836,0,-2,-2
41837,0,-2,-2
41838,0,-2,-2
41839,Rusk Mountain,7,15
41840,0,-2,-2
41841,0,-2,-2
41842,0,-2,-2
41843,0,-2,-2
41844,0,-2,-2
41845,0,-2,-2
41846,Halcott Mountain,7,4
41847,0,-2,-2
41848,0,-2,-2
41849,0,-2,-2
41850,0,-2,-2
41851,0,-2,-2
41852,0,-2,-2
41853,0,-2,-2
41854,0,-2,-2
41855,0,-2,-2
41856,0,-2,-2
41857,0,-2,-2
41858,0,-2,-2
41859,Black Dome,8,33
41860,Blackhead,8,31
41861,Thomas Cole,8,32
41862,0,-2,-2
41863,0,-2,-2
41864,0,-2,-2
41865,0,-2,-2
41866,0,-2,-2
41867,0,-2,-2
41868,Windham High Peak,8,2
41869,0,-2,-2
41870,0,-2,-2
41871,0,-2,-2
41872,0,-2,-2
41873,0,-2,-2
41874,0,-2,-2
41875,0,-2,-2
41876,0,-2,-2
41877,0,-2,-2
41878,0,-2,-2
41879,0,-2,-2
41880,0,-2,-2
41881,0,-2,-2
41882,0,-2,-2
41883,0,-2,-2
41884,0,-2,-2
41885,0,-2,-2
41886,0,-2,-2
41887,Hunter Mountain,9,34
41888,Southwest Hunter,9,21
41889,0,-2,-2
41890,0,-2,-2
41891,0,-2,-2
41892,0,-2,-2
41893,0,-2,-2
41894,0,-2,-2
41895,0,-2,-2
41896,0,-2,-2
41897,0,-2,-2
41898,0,-2,-2
41899,0,-2,-2
41900,0,-2,-2
41901,0,-2,-2
41902,0,-2,-2
41903,0,-2,-2
41904,0,-2,-2
41905,0,-2,-2
41906,0,-2,-2
41907,0,-2,-2
41908,0,-2,-2
41909,0,-2,-2
41910,0,-2,-2
41911,0,-2,-2
41912,0,-2,-2
41913,0,-2,-2
41914,0,-2,-2
41915,0,-2,-2
41916,0,-2,-2
41917,0,-2,-2
41918,0,-2,-2
41919,0,-2,-2
41920,0,-2,-2
41921,0,-2,-2
41922,0,-2,-2
41923,0,-2,-2
41924,Twin Mountain,10,13
41925,Indian Head,10,6
41926,0,-2,-2
41927,0,-2,-2
41928,0,-2,-2
41929,0,-2,-2
41930,0,-2,-2
41931,0,-2,-2
41932,0,-2,-2
41933,0,-2,-2
41934,0,-2,-2
41935,0,-2,-2
41936,0,-2,-2
41937,0,-2,-2
41938,0,-2,-2
41939,0,-2,-2
41940,0,-2,-2
41941,0,-2,-2
41942,0,-2,-2
41943,0,-2,-2
41944,0,-2,-2
41945,0,-2,-2
41946,0,-2,-2
41947,0,-2,-2
41948,0,-2,-2
41949,0,-2,-2
41950,0,-2,-2
41951,0,-2,-2
41952,0,-2,-2
41953,0,-2,-2
41954,0,-2,-2
41955,0,-2,-2
41956,0,-2,-2
41957,0,-2,-2
41958,0,-2,-2
41959,0,-2,-2
41960,0,-2,-2
41961,0,-2,-2
41962,0,-2,-2
41963,0,-2,-2
41964,0,-2,-2
41965,0,-2,-2
41966,0,-2,-2
41967,0,-2,-2
41968,0,-2,-2
41969,0,-2,-2
41970,0,-2,-2
41971,0,-2,-2
41972,0,-2,-2
41973,0,-2,-2
41974,0,-2,-2
41975,0,-2,-2
41976,0,-2,-2
41977,0,-2,-2
41978,0,-2,-2
41979,0,-2,-2
41980,0,-2,-2
41981,0,-2,-2
41982,0,-2,-2
41983,0,-2,-2
41984,0,-2,-2
41985,0,-2,-2
41986,0,-2,-2
41987,0,-2,-2
41988,0,-2,-2
41989,0,-2,-2
41990,0,-2,-2
41991,0,-2,-2
41992,0,-2,-2
41993,0,-2,-2
41994,0,-2,-2
41995,Friday Mountain,12,16
41996,Balsam Cap,12,12
41997,0,-2,-2
41998,0,-2,-2
41999,0,-2,-2
42000,Eagle Mountain,12,9
42001,0,-2,-2
42002,0,-2,-2
42003,0,-2,-2
42004,0,-2,-2
42005,0,-2,-2
42006,0,-2,-2
42007,0,-2,-2
42008,0,-2,-2
42009,0,-2,-2
42010,0,-2,-2
42011,0,-2,-2
42012,0,-2,-2
42013,0,-2,-2
42014,0,-2,-2
42015,Twin Mountain,1,13
42016,Indian Head,1,6
42017,0,-2,-2
42018,0,-2,-2
42019,Plateau Mountain,1,24
42020,Sugarloaf Mountain,1,23
42021,Graham Mountain,1,29
42022,Balsam Lake Mountain,1,20
42023,0,-2,-2
42024,0,-2,-2
42025,0,-2,-2
42026,0,-2,-2
42027,0,-2,-2
42028,0,-2,-2
42029,North Dome,1,10
42030,Sherrill Mountain,1,5
42031,0,-2,-2
42032,0,-2,-2
42033,0,-2,-2
42034,0,-2,-2
42035,0,-2,-2
42036,0,-2,-2
42037,0,-2,-2
42038,0,-2,-2
42039,0,-2,-2
42040,0,-2,-2
42041,0,-2,-2
42042,0,-2,-2
42043,0,-2,-2
42044,0,-2,-2
42045,0,-2,-2
42046,0,-2,-2
42047,0,-2,-2
42048,0,-2,-2
42049,0,-2,-2
42050,0,-2,-2
42051,0,-2,-2
42052,0,-2,-2
42053,0,-2,-2
42054,0,-2,-2
42055,0,-2,-2
42056,0,-2,-2
42057,0,-2,-2
42058,0,-2,-2
42059,0,-2,-2
42060,0,-2,-2
42061,0,-2,-2
42062,0,-2,-2
42063,0,-2,-2
42064,0,-2,-2
42065,0,-2,-2
42066,0,-2,-2
42067,0,-2,-2
42068,0,-2,-2
42069,0,-2,-2
42070,0,-2,-2
42071,Doubletop Mountain,3,28
42072,0,-2,-2
42073,0,-2,-2
42074,0,-2,-2
42075,0,-2,-2
42076,0,-2,-2
42077,0,-2,-2
42078,0,-2,-2
42079,0,-2,-2
42080,0,-2,-2
42081,0,-2,-2
42082,0,-2,-2
42083,0,-2,-2
42084,0,-2,-2
42085,0,-2,-2
42086,0,-2,-2
42087,0,-2,-2
42088,0,-2,-2
42089,0,-2,-2
42090,0,-2,-2
42091,0,-2,-2
42092,0,-2,-2
42093,0,-2,-2
42094,0,-2,-2
42095,0,-2,-2
42096,0,-2,-2
42097,0,-2,-2
42098,0,-2,-2
42099,0,-2,-2
42100,0,-2,-2
42101,0,-2,-2
42102,0,-2,-2
42103,0,-2,-2
42104,0,-2,-2
42105,0,-2,-2
42106,Friday Mountain,4,16
42107,Balsam Cap,4,12
42108,0,-2,-2
42109,0,-2,-2
42110,0,-2,-2
42111,0,-2,-2
42112,0,-2,-2
42113,0,-2,-2
42114,0,-2,-2
42115,0,-2,-2
42116,0,-2,-2
42117,0,-2,-2
42118,0,-2,-2
42119,0,-2,-2
42120,0,-2,-2
42121,0,-2,-2
42122,0,-2,-2
42123,0,-2,-2
42124,0,-2,-2
42125,0,-2,-2
42126,0,-2,-2
42127,Kaaterskill High Peak,5,14
42128,0,-2,-2
42129,0,-2,-2
42130,0,-2,-2
42131,0,-2,-2
42132,0,-2,-2
42133,0,-2,-2
42134,0,-2,-2
42135,0,-2,-2
42136,0,-2,-2
42137,0,-2,-2
42138,0,-2,-2
42139,0,-2,-2
42140,0,-2,-2
42141,0,-2,-2
42142,0,-2,-2
42143,0,-2,-2
42144,0,-2,-2
42145,0,-2,-2
42146,0,-2,-2
42147,0,-2,-2
42148,Lone Mountain,5,19
42149,Friday Mountain,5,16
42150,Balsam Cap,5,12
42151,Rocky Mountain,5,1
42152,0,-2,-2
42153,0,-2,-2
42154,0,-2,-2
42155,0,-2,-2
42156,0,-2,-2
42157,0,-2,-2
42158,0,-2,-2
42159,0,-2,-2
42160,0,-2,-2
42161,0,-2,-2
42162,0,-2,-2
42163,0,-2,-2
42164,0,-2,-2
42165,0,-2,-2
42166,0,-2,-2
42167,0,-2,-2
42168,0,-2,-2
42169,0,-2,-2
42170,0,-2,-2
42171,0,-2,-2
42172,0,-2,-2
42173,0,-2,-2
42174,0,-2,-2
42175,Balsam Lake Mountain,6,20
42176,0,-2,-2
42177,0,-2,-2
42178,0,-2,-2
42179,0,-2,-2
42180,0,-2,-2
42181,0,-2,-2
42182,0,-2,-2
42183,0,-2,-2
42184,0,-2,-2
42185,0,-2,-2
42186,0,-2,-2
42187,0,-2,-2
42188,0,-2,-2
42189,0,-2,-2
42190,0,-2,-2
42191,0,-2,-2
42192,0,-2,-2
42193,0,-2,-2
42194,0,-2,-2
42195,0,-2,-2
42196,0,-2,-2
42197,0,-2,-2
42198,0,-2,-2
42199,0,-2,-2
42200,0,-2,-2
42201,0,-2,-2
42202,0,-2,-2
42203,0,-2,-2
42204,0,-2,-2
42205,0,-2,-2
42206,0,-2,-2
42207,0,-2,-2
42208,0,-2,-2
42209,0,-2,-2
42210,0,-2,-2
42211,0,-2,-2
42212,0,-2,-2
42213,0,-2,-2
42214,0,-2,-2
42215,0,-2,-2
42216,0,-2,-2
42217,0,-2,-2
42218,0,-2,-2
42219,0,-2,-2
42220,0,-2,-2
42221,0,-2,-2
42222,0,-2,-2
42223,0,-2,-2
42224,0,-2,-2
42225,0,-2,-2
42226,0,-2,-2
42227,0,-2,-2
42228,0,-2,-2
42229,0,-2,-2
42230,0,-2,-2
42231,0,-2,-2
42232,Panther Mountain,8,18
42233,0,-2,-2
42234,0,-2,-2
42235,0,-2,-2
42236,0,-2,-2
42237,0,-2,-2
42238,0,-2,-2
42239,0,-2,-2
42240,0,-2,-2
42241,0,-2,-2
42242,0,-2,-2
42243,0,-2,-2
42244,0,-2,-2
42245,0,-2,-2
42246,0,-2,-2
42247,0,-2,-2
42248,0,-2,-2
42249,0,-2,-2
42250,0,-2,-2
42251,0,-2,-2
42252,0,-2,-2
42253,Table Mountain,9,26
42254,Peekamoose Mountain,9,25
42255,0,-2,-2
42256,0,-2,-2
42257,0,-2,-2
42258,0,-2,-2
42259,0,-2,-2
42260,0,-2,-2
42261,0,-2,-2
42262,0,-2,-2
42263,0,-2,-2
42264,0,-2,-2
42265,0,-2,-2
42266,0,-2,-2
42267,0,-2,-2
42268,0,-2,-2
42269,0,-2,-2
42270,0,-2,-2
42271,0,-2,-2
42272,0,-2,-2
42273,0,-2,-2
42274,West Kill,9,30
42275,0,-2,-2
42276,0,-2,-2
42277,0,-2,-2
42278,0,-2,-2
42279,0,-2,-2
42280,0,-2,-2
42281,0,-2,-2
42282,0,-2,-2
42283,0,-2,-2
42284,0,-2,-2
42285,0,-2,-2
42286,0,-2,-2
42287,0,-2,-2
42288,0,-2,-2
42289,0,-2,-2
42290,0,-2,-2
42291,0,-2,-2
42292,Cornell Mountain,10,27
42293,Wittenberg Mountain,10,22
42294,0,-2,-2
42295,0,-2,-2
42296,0,-2,-2
42297,0,-2,-2
42298,0,-2,-2
42299,0,-2,-2
42300,0,-2,-2
42301,0,-2,-2
42302,0,-2,-2
42303,0,-2,-2
42304,0,-2,-2
42305,0,-2,-2
42306,0,-2,-2
42307,0,-2,-2
42308,0,-2,-2
42309,Table Mountain,11,26
42310,0,-2,-2
42311,0,-2,-2
42312,0,-2,-2
42313,0,-2,-2
42314,0,-2,-2
42315,0,-2,-2
42316,0,-2,-2
42317,0,-2,-2
42318,0,-2,-2
42319,0,-2,-2
42320,0,-2,-2
42321,0,-2,-2
42322,0,-2,-2
42323,0,-2,-2
42324,0,-2,-2
42325,Plateau Mountain,11,24
42326,Sugarloaf Mountain,11,23
42327,0,-2,-2
42328,0,-2,-2
42329,0,-2,-2
42330,0,-2,-2
42331,0,-2,-2
42332,0,-2,-2
42333,0,-2,-2
42334,0,-2,-2
42335,0,-2,-2
42336,0,-2,-2
42337,0,-2,-2
42338,0,-2,-2
42339,0,-2,-2
42340,0,-2,-2
42341,0,-2,-2
42342,0,-2,-2
42343,0,-2,-2
42344,0,-2,-2
42345,0,-2,-2
42346,0,-2,-2
42347,0,-2,-2
42348,0,-2,-2
42349,0,-2,-2
42350,0,-2,-2
42351,0,-2,-2
42352,0,-2,-2
42353,0,-2,-2
42354,0,-2,-2
42355,0,-2,-2
42356,0,-2,-2
42357,0,-2,-2
42358,0,-2,-2
42359,Cornell Mountain,12,27
42360,Wittenberg Mountain,12,22
42361,0,-2,-2
42362,Halcott Mountain,12,4
42363,0,-2,-2
42364,Kaaterskill High Peak,12,14
42365,0,-2,-2
42366,Big Indian Mountain,12,17
42367,Fir Mountain,12,11
42368,West Kill,12,30
42369,0,-2,-2
42370,0,-2,-2
42371,0,-2,-2
42372,Doubletop Mountain,1,28
42373,0,-2,-2
42374,0,-2,-2
42375,0,-2,-2
42376,0,-2,-2
42377,0,-2,-2
42378,0,-2,-2
42379,0,-2,-2
42380,0,-2,-2
42381,0,-2,-2
42382,0,-2,-2
42383,0,-2,-2
42384,0,-2,-2
42385,0,-2,-2
42386,Panther Mountain,1,18
42387,0,-2,-2
42388,0,-2,-2
42389,0,-2,-2
42390,0,-2,-2
42391,0,-2,-2
42392,0,-2,-2
42393,Black Dome,1,33
42394,Blackhead,1,31
42395,Thomas Cole,1,32
42396,0,-2,-2
42397,0,-2,-2
42398,0,-2,-2
42399,Balsam Mountain,1,8
42400,Eagle Mountain,1,9
42401,,-2,-2
42402,0,-2,-2
42403,0,-2,-2
42404,0,-2,-2
42405,0,-2,-2
42406,Lone Mountain,2,19
42407,Rocky Mountain,2,1
42408,0,-2,-2
42409,0,-2,-2
42410,0,-2,-2
42411,0,-2,-2
42412,0,-2,-2
42413,0,-2,-2
42414,Sugarloaf Mountain,2,23
42415,0,-2,-2
42416,0,-2,-2
42417,0,-2,-2
42418,0,-2,-2
42419,0,-2,-2
42420,0,-2,-2
42421,0,-2,-2
42422,0,-2,-2
42423,0,-2,-2
42424,0,-2,-2
42425,0,-2,-2
42426,0,-2,-2
42427,0,-2,-2
42428,Windham High Peak,2,2
42429,0,-2,-2
42430,0,-2,-2
42431,0,-2,-2
42432,0,-2,-2
42433,0,-2,-2
42434,0,-2,-2
42435,Kaaterskill High Peak,3,14
42436,0,-2,-2
42437,0,-2,-2
42438,0,-2,-2
42439,0,-2,-2
42440,0,-2,-2
42441,0,-2,-2
42442,Twin Mountain,3,13
42443,Indian Head,3,6
42444,0,-2,-2
42445,0,-2,-2
42446,0,-2,-2
42447,0,-2,-2
42448,Hunter Mountain,3,34
42449,Southwest Hunter,3,21
42450,0,-2,-2
42451,0,-2,-2
42452,0,-2,-2
42453,0,-2,-2
42454,0,-2,-2
42455,Bearpen Mountain,3,7
42456,Vly Mountain,3,3
42457,0,-2,-2
42458,0,-2,-2
42459,0,-2,-2
42460,0,-2,-2
42461,0,-2,-2
42462,Black Dome,4,33
42463,Blackhead,4,31
42464,Thomas Cole,4,32
42465,0,-2,-2
42466,0,-2,-2
42467,0,-2,-2
42468,0,-2,-2
42469,0,-2,-2
42470,North Dome,4,10
42471,Sherrill Mountain,4,5
42472,0,-2,-2
42473,0,-2,-2
42474,0,-2,-2
42475,0,-2,-2
42476,0,-2,-2
42477,Graham Mountain,4,29
42478,Balsam Lake Mountain,4,20
42479,Doubletop Mountain,4,28
42480,0,-2,-2
42481,0,-2,-2
42482,0,-2,-2
42483,0,-2,-2
42484,Slide Mountain,4,35
42485,0,-2,-2
42486,0,-2,-2
42487,0,-2,-2
42488,0,-2,-2
42489,0,-2,-2
42490,0,-2,-2
42491,West Kill,5,30
42492,0,-2,-2
42493,0,-2,-2
42494,0,-2,-2
42495,0,-2,-2
42496,0,-2,-2
42497,0,-2,-2
42498,0,-2,-2
42499,0,-2,-2
42500,0,-2,-2
42501,0,-2,-2
42502,0,-2,-2
42503,0,-2,-2
42504,0,-2,-2
42505,Slide Mountain,5,35
42506,0,-2,-2
42507,0,-2,-2
42508,0,-2,-2
42509,0,-2,-2
42510,0,-2,-2
42511,0,-2,-2
42512,Big Indian Mountain,5,17
42513,Fir Mountain,5,11
42514,Eagle Mountain,5,9
42515,0,-2,-2
42516,0,-2,-2
42517,0,-2,-2
42518,0,-2,-2
42519,Black Dome,5,33
42520,Blackhead,5,31
42521,Thomas Cole,5,32
42522,0,-2,-2
42523,0,-2,-2
42524,0,-2,-2
42525,0,-2,-2
42526,0,-2,-2
42527,0,-2,-2
42528,0,-2,-2
42529,0,-2,-2
42530,0,-2,-2
42531,0,-2,-2
42532,0,-2,-2
42533,0,-2,-2
42534,0,-2,-2
42535,0,-2,-2
42536,0,-2,-2
42537,0,-2,-2
42538,0,-2,-2
42539,0,-2,-2
42540,0,-2,-2
42541,0,-2,-2
42542,0,-2,-2
42543,0,-2,-2
42544,0,-2,-2
42545,0,-2,-2
42546,0,-2,-2
42547,0,-2,-2
42548,0,-2,-2
42549,0,-2,-2
42550,0,-2,-2
42551,0,-2,-2
42552,0,-2,-2
42553,0,-2,-2
42554,North Dome,7,10
42555,Sherrill Mountain,7,5
42556,0,-2,-2
42557,0,-2,-2
42558,0,-2,-2
42559,0,-2,-2
42560,0,-2,-2
42561,0,-2,-2
42562,0,-2,-2
42563,0,-2,-2
42564,0,-2,-2
42565,0,-2,-2
42566,0,-2,-2
42567,0,-2,-2
42568,Eagle Mountain,7,9
42569,Balsam Mountain,7,8
42570,0,-2,-2
42571,0,-2,-2
42572,0,-2,-2
42573,0,-2,-2
42574,0,-2,-2
42575,Bearpen Mountain,7,7
42576,Vly Mountain,7,3
42577,0,-2,-2
42578,0,-2,-2
42579,0,-2,-2
42580,0,-2,-2
42581,0,-2,-2
42582,0,-2,-2
42583,0,-2,-2
42584,0,-2,-2
42585,0,-2,-2
42586,0,-2,-2
42587,0,-2,-2
42588,0,-2,-2
42589,Twin Mountain,8,13
42590,Indian Head,8,6
42591,0,-2,-2
42592,0,-2,-2
42593,0,-2,-2
42594,0,-2,-2
42595,0,-2,-2
42596,Rusk Mountain,8,15
42597,0,-2,-2
42598,0,-2,-2
42599,0,-2,-2
42600,0,-2,-2
42601,0,-2,-2
42602,0,-2,-2
42603,Slide Mountain,8,35
42604,Wittenberg Mountain,8,22
42605,Cornell Mountain,8,27
42606,0,-2,-2
42607,0,-2,-2
42608,0,-2,-2
42609,0,-2,-2
42610,0,-2,-2
42611,0,-2,-2
42612,Vly Mountain,8,3
42613,Bearpen Mountain,8,7
42614,0,-2,-2
42615,0,-2,-2
42616,0,-2,-2
42617,0,-2,-2
42618,Lone Mountain,9,19
42619,Rocky Mountain,9,1
42620,Balsam Cap,9,12
42621,Friday Mountain,9,16
42622,0,-2,-2
42623,0,-2,-2
42624,Slide Mountain,9,35
42625,0,-2,-2
42626,0,-2,-2
42627,0,-2,-2
42628,0,-2,-2
42629,0,-2,-2
42630,0,-2,-2
42631,0,-2,-2
42632,0,-2,-2
42633,0,-2,-2
42634,0,-2,-2
42635,0,-2,-2
42636,0,-2,-2
42637,Windham High Peak,9,2
42638,0,-2,-2
42639,0,-2,-2
42640,0,-2,-2
42641,0,-2,-2
42642,0,-2,-2
42643,0,-2,-2
42644,0,-2,-2
42645,Plateau Mountain,10,24
42646,0,-2,-2
42647,0,-2,-2
42648,0,-2,-2
42649,0,-2,-2
42650,0,-2,-2
42651,0,-2,-2
42652,0,-2,-2
42653,0,-2,-2
42654,0,-2,-2
42655,0,-2,-2
42656,0,-2,-2
42657,0,-2,-2
42658,0,-2,-2
42659,Lone Mountain,10,19
42660,Rocky Mountain,10,1
42661,Balsam Cap,10,12
42662,Friday Mountain,10,16
42663,0,-2,-2
42664,0,-2,-2
42665,0,-2,-2
42666,0,-2,-2
42667,0,-2,-2
42668,0,-2,-2
42669,0,-2,-2
42670,0,-2,-2
42671,0,-2,-2
42672,0,-2,-2
42673,Sugarloaf Mountain,10,23
42674,0,-2,-2
42675,0,-2,-2
42676,0,-2,-2
42677,0,-2,-2
42678,0,-2,-2
42679,0,-2,-2
42680,Hunter Mountain,11,34
42681,Southwest Hunter,11,21
42682,0,-2,-2
42683,0,-2,-2
42684,0,-2,-2
42685,0,-2,-2
42686,0,-2,-2
42687,Kaaterskill High Peak,11,14
42688,0,-2,-2
42689,0,-2,-2
42690,0,-2,-2
42691,Twin Mountain,11,13
42692,Indian Head,11,6
42693,0,-2,-2
42694,0,-2,-2
42695,0,-2,-2
42696,0,-2,-2
42697,0,-2,-2
42698,0,-2,-2
42699,0,-2,-2
42700,0,-2,-2
42701,North Dome,11,10
42702,0,-2,-2
42703,0,-2,-2
42704,0,-2,-2
42705,0,-2,-2
42706,0,-2,-2
42707,0,-2,-2
42708,Balsam Mountain,12,8
42709,0,-2,-2
42710,0,-2,-2
42711,0,-2,-2
42712,0,-2,-2
42713,0,-2,-2
42714,0,-2,-2
42715,Graham Mountain,12,29
42716,Balsam Lake Mountain,12,20
42717,0,-2,-2
42718,0,-2,-2
42719,0,-2,-2
42720,0,-2,-2
42721,0,-2,-2
42722,0,-2,-2
42723,0,-2,-2
42724,0,-2,-2
42725,0,-2,-2
42726,0,-2,-2
42727,0,-2,-2
42728,0,-2,-2
42729,0,-2,-2
42730,0,-2,-2
42731,0,-2,-2
42732,Twin Mountain,12,13
42733,Indian Head,12,6
42734,0,-2,-2
42735,Windham High Peak,12,2
42736,0,-2,-2
42737,0,-2,-2
42738,0,-2,-2
42739,0,-2,-2
42740,0,-2,-2
42741,0,-2,-2
42742,0,-2,-2
42743,0,-2,-2
42744,0,-2,-2
42745,0,-2,-2
42746,0,-2,-2
42747,0,-2,-2
42748,0,-2,-2
42749,0,-2,-2
42750,West Kill,1,30
42751,0,-2,-2
42752,0,-2,-2
42753,0,-2,-2
42754,0,-2,-2
42755,0,-2,-2
42756,0,-2,-2
42757,Windham High Peak,1,2
42758,0,-2,-2
42759,0,-2,-2
42760,0,-2,-2
42761,0,-2,-2
42762,0,-2,-2
42763,Rusk Mountain,1,15
42764,Slide Mountain,1,35
42765,0,-2,-2
42766,0,-2,-2
42767,0,-2,-2
42768,0,-2,-2
42769,0,-2,-2
42770,Bearpen Mountain,2,7
42771,Vly Mountain,2,3
42772,0,-2,-2
42773,0,-2,-2
42774,0,-2,-2
42775,0,-2,-2
42776,0,-2,-2
42777,0,-2,-2
42778,0,-2,-2
42779,0,-2,-2
42780,0,-2,-2
42781,0,-2,-2
42782,0,-2,-2
42783,0,-2,-2
42784,Black Dome,2,33
42785,Blackhead,2,31
42786,Thomas Cole,2,32
42787,0,-2,-2
42788,0,-2,-2
42789,0,-2,-2
42790,0,-2,-2
42791,0,-2,-2
42792,0,-2,-2
42793,0,-2,-2
42794,0,-2,-2
42795,0,-2,-2
42796,0,-2,-2
42797,0,-2,-2
42798,0,-2,-2
42799,0,-2,-2
42800,0,-2,-2
42801,0,-2,-2
42802,0,-2,-2
42803,0,-2,-2
42804,0,-2,-2
42805,0,-2,-2
42806,0,-2,-2
42807,0,-2,-2
42808,0,-2,-2
42809,0,-2,-2
42810,0,-2,-2
42811,0,-2,-2
42812,0,-2,-2
42813,0,-2,-2
42814,0,-2,-2
42815,0,-2,-2
42816,0,-2,-2
42817,0,-2,-2
42818,0,-2,-2
42819,0,-2,-2
42820,Plateau Mountain,3,24
42821,0,-2,-2
42822,0,-2,-2
42823,0,-2,-2
42824,0,-2,-2
42825,0,-2,-2
42826,0,-2,-2
42827,0,-2,-2
42828,0,-2,-2
42829,0,-2,-2
42830,0,-2,-2
42831,0,-2,-2
42832,0,-2,-2
42833,0,-2,-2
42834,Cornell Mountain,4,27
42835,Wittenberg Mountain,4,22
42836,0,-2,-2
42837,0,-2,-2
42838,0,-2,-2
42839,West Kill,4,30
42840,0,-2,-2
42841,0,-2,-2
42842,0,-2,-2
42843,0,-2,-2
42844,0,-2,-2
42845,0,-2,-2
42846,0,-2,-2
42847,0,-2,-2
42848,Bearpen Mountain,4,7
42849,Vly Mountain,4,3
42850,0,-2,-2
42851,0,-2,-2
42852,0,-2,-2
42853,0,-2,-2
42854,0,-2,-2
42855,Windham High Peak,4,2
42856,0,-2,-2
42857,0,-2,-2
42858,0,-2,-2
42859,0,-2,-2
42860,0,-2,-2
42861,0,-2,-2
42862,0,-2,-2
42863,0,-2,-2
42864,0,-2,-2
42865,0,-2,-2
42866,0,-2,-2
42867,0,-2,-2
42868,0,-2,-2
42869,Panther Mountain,5,18
42870,0,-2,-2
42871,0,-2,-2
42872,0,-2,-2
42873,0,-2,-2
42874,0,-2,-2
42875,0,-2,-2
42876,Twin Mountain,5,13
42877,Indian Head,5,6
42878,0,-2,-2
42879,0,-2,-2
42880,0,-2,-2
42881,0,-2,-2
42882,0,-2,-2
42883,Graham Mountain,5,29
42884,Balsam Lake Mountain,5,20
42885,Doubletop Mountain,5,28
42886,0,-2,-2
42887,0,-2,-2
42888,0,-2,-2
42889,Slide Mountain,6,35
42890,Wittenberg Mountain,6,22
42891,Cornell Mountain,6,27
42892,0,-2,-2
42893,0,-2,-2
42894,0,-2,-2
42895,0,-2,-2
42896,0,-2,-2
42897,Big Indian Mountain,6,17
42898,Fir Mountain,6,11
42899,0,-2,-2
42900,0,-2,-2
42901,0,-2,-2
42902,0,-2,-2
42903,0,-2,-2
42904,0,-2,-2
42905,0,-2,-2
42906,0,-2,-2
42907,Hunter Mountain,6,34
42908,Southwest Hunter,6,21
42909,0,-2,-2
42910,0,-2,-2
42911,Plateau Mountain,6,24
42912,Sugarloaf Mountain,6,23
42913,0,-2,-2
42914,Windham High Peak,6,2
42915,0,-2,-2
42916,0,-2,-2
42917,0,-2,-2
42918,Hunter Mountain,7,34
42919,Southwest Hunter,7,21
42920,Black Dome,7,33
42921,Blackhead,7,31
42922,Thomas Cole,7,32
42923,0,-2,-2
42924,0,-2,-2
42925,Graham Mountain,7,29
42926,Balsam Lake Mountain,7,20
42927,0,-2,-2
42928,0,-2,-2
42929,0,-2,-2
42930,0,-2,-2
42931,0,-2,-2
42932,Windham High Peak,7,2
42933,0,-2,-2
42934,0,-2,-2
42935,0,-2,-2
42936,0,-2,-2
42937,0,-2,-2
42938,0,-2,-2
42939,Cornell Mountain,7,27
42940,Wittenberg Mountain,7,22
42941,0,-2,-2
42942,0,-2,-2
42943,0,-2,-2
42944,0,-2,-2
42945,0,-2,-2
42946,Kaaterskill High Peak,7,14
42947,0,-2,-2
42948,0,-2,-2
42949,0,-2,-2
42950,0,-2,-2
42951,0,-2,-2
42952,0,-2,-2
42953,Big Indian Mountain,8,17
42954,Fir Mountain,8,11
42955,Eagle Mountain,8,9
42956,Balsam Mountain,8,8
42957,0,-2,-2
42958,0,-2,-2
42959,0,-2,-2
42960,0,-2,-2
42961,Plateau Mountain,8,24
42962,Sugarloaf Mountain,8,23
42963,0,-2,-2
42964,0,-2,-2
42965,0,-2,-2
42966,Hunter Mountain,8,34
42967,Southwest Hunter,8,21
42968,0,-2,-2
42969,0,-2,-2
42970,0,-2,-2
42971,0,-2,-2
42972,0,-2,-2
42973,Halcott Mountain,8,4
42974,0,-2,-2
42975,0,-2,-2
42976,0,-2,-2
42977,0,-2,-2
42978,0,-2,-2
42979,0,-2,-2
42980,0,-2,-2
42981,0,-2,-2
42982,Black Dome,9,33
42983,Blackhead,9,31
42984,Thomas Cole,9,32
42985,0,-2,-2
42986,0,-2,-2
42987,0,-2,-2
42988,Graham Mountain,9,29
42989,Balsam Lake Mountain,9,20
42990,Doubletop Mountain,9,28
42991,0,-2,-2
42992,0,-2,-2
42993,0,-2,-2
42994,0,-2,-2
42995,0,-2,-2
42996,0,-2,-2
42997,0,-2,-2
42998,0,-2,-2
42999,0,-2,-2
43000,0,-2,-2
43001,0,-2,-2
43002,Twin Mountain,9,13
43003,Indian Head,9,6
43004,0,-2,-2
43005,0,-2,-2
43006,0,-2,-2
43007,0,-2,-2
43008,0,-2,-2
43009,Hunter Mountain,10,34
43010,Southwest Hunter,10,21
43011,0,-2,-2
43012,0,-2,-2
43013,0,-2,-2
43014,Slide Mountain,10,35
43015,0,-2,-2
43016,0,-2,-2
43017,0,-2,-2
43018,0,-2,-2
43019,0,-2,-2
43020,0,-2,-2
43021,0,-2,-2
43022,Panther Mountain,10,18
43023,Rusk Mountain,10,15
43024,0,-2,-2
43025,0,-2,-2
43026,0,-2,-2
43027,0,-2,-2
43028,0,-2,-2
43029,0,-2,-2
43030,Black Dome,10,33
43031,Blackhead,10,31
43032,Thomas Cole,10,32
43033,Windham High Peak,10,2
43034,0,-2,-2
43035,0,-2,-2
43036,Bearpen Mountain,10,7
43037,Vly Mountain,10,3
43038,0,-2,-2
43039,0,-2,-2
43040,0,-2,-2
43041,0,-2,-2
43042,Eagle Mountain,11,9
43043,Balsam Mountain,11,8
43044,0,-2,-2
43045,0,-2,-2
43046,0,-2,-2
43047,0,-2,-2
43048,0,-2,-2
43049,0,-2,-2
43050,0,-2,-2
43051,Big Indian Mountain,11,17
43052,Fir Mountain,11,11
43053,Windham High Peak,11,2
43054,0,-2,-2
43055,0,-2,-2
43056,Bearpen Mountain,11,7
43057,Vly Mountain,11,3
43058,0,-2,-2
43059,0,-2,-2
43060,Slide Mountain,11,35
43061,Wittenberg Mountain,11,22
43062,Cornell Mountain,11,27
43063,0,-2,-2
43064,Halcott Mountain,11,4
43065,0,-2,-2
43066,0,-2,-2
43067,0,-2,-2
43068,0,-2,-2
43069,Sherrill Mountain,11,5
43070,0,-2,-2
43071,0,-2,-2
43072,Table Mountain,12,26
43073,Peekamoose Mountain,12,25
43074,Lone Mountain,12,19
43075,Rocky Mountain,12,1
43076,0,-2,-2
43077,0,-2,-2
43078,0,-2,-2
43079,Black Dome,12,33
43080,Blackhead,12,31
43081,Thomas Cole,12,32
43082,0,-2,-2
43083,0,-2,-2
43084,0,-2,-2
43085,Doubletop Mountain,12,28
43086,0,-2,-2
43087,0,-2,-2
43088,0,-2,-2
43089,North Dome,12,10
43090,Sherrill Mountain,12,5
43091,0,-2,-2
43092,0,-2,-2
43093,0,-2,-2
43094,0,-2,-2
43095,Plateau Mountain,12,24
43096,Sugarloaf Mountain,12,23
43097,0,-2,-2
43098,Bearpen Mountain,12,7
43099,Vly Mountain,12,3
43100,Slide Mountain,12,35
43101,0,-2,-2
43102,0,-2,-2
43103,0,-2,-2
43104,0,-2,-2
43105,0,-2,-2
43106,0,-2,-2
43107,0,-2,-2
43108,0,-2,-2
43109,0,-2,-2
43110,0,-2,-2
43111,0,-2,-2
43112,0,-2,-2
43113,0,-2,-2
43114,Hunter Mountain,1,34
43115,Southwest Hunter,1,21
43116,0,-2,-2
43117,0,-2,-2
43118,0,-2,-2
43119,0,-2,-2
43120,0,-2,-2
43121,Table Mountain,1,26
43122,Peekamoose Mountain,1,25
43123,0,-2,-2
43124,0,-2,-2
43125,0,-2,-2
43126,0,-2,-2
43127,Cornell Mountain,1,27
43128,Wittenberg Mountain,1,22
43129,0,-2,-2
43130,0,-2,-2
43131,0,-2,-2
43132,0,-2,-2
43133,0,-2,-2
43134,Twin Mountain,2,13
43135,Friday Mountain,2,16
43136,Indian Head,2,6
43137,Balsam Cap,2,12
43138,0,-2,-2
43139,0,-2,-2
43140,0,-2,-2
43141,Slide Mountain,2,35
43142,Cornell Mountain,2,27
43143,0,-2,-2
43144,0,-2,-2
43145,Hunter Mountain,2,34
43146,Southwest Hunter,2,21
43147,Eagle Mountain,2,9
43148,Rusk Mountain,2,15
43149,Balsam Mountain,2,8
43150,0,-2,-2
43151,0,-2,-2
43152,Wittenberg Mountain,2,22
43153,0,-2,-2
43154,0,-2,-2
43155,Plateau Mountain,2,24
43156,0,-2,-2
43157,0,-2,-2
43158,0,-2,-2
43159,0,-2,-2
43160,0,-2,-2
43161,0,-2,-2
43162,0,-2,-2
43163,0,-2,-2
43164,0,-2,-2
43165,0,-2,-2
43166,0,-2,-2
43167,0,-2,-2
43168,0,-2,-2
43169,0,-2,-2
43170,0,-2,-2
43171,0,-2,-2
43172,0,-2,-2
43173,0,-2,-2
43174,0,-2,-2
43175,0,-2,-2
43176,0,-2,-2
43177,Cornell Mountain,3,27
43178,Wittenberg Mountain,3,22
43179,0,-2,-2
43180,0,-2,-2
43181,0,-2,-2
43182,0,-2,-2
43183,Sugarloaf Mountain,3,23
43184,Eagle Mountain,3,9
43185,0,-2,-2
43186,0,-2,-2
43187,0,-2,-2
43188,0,-2,-2
43189,Rocky Mountain,3,1
43190,Lone Mountain,3,19
43191,0,-2,1
43192,0,-2,-2
43193,0,-2,-2
43194,0,-2,-2
43195,0,-2,-2
43196,0,-2,-2
43197,0,-2,-2
43198,Hunter Mountain,4,34
43199,Southwest Hunter,4,21
43200,Rusk Mountain,4,15
43201,0,-2,-2
43202,0,-2,-2
43203,0,-2,-2
43204,0,-2,-2
43205,0,-2,-2
43206,0,-2,-2
43207,0,-2,-2
43208,0,-2,-2
43209,0,-2,-2
43210,0,-2,-2
43211,Twin Mountain,4,13
43212,Indian Head,4,6
43213,0,-2,-2
43214,0,-2,-2
43215,0,-2,-2
43216,Plateau Mountain,4,24
43217,Sugarloaf Mountain,4,23
43218,0,-2,-2
43219,Halcott Mountain,4,4
43220,0,-2,-2
43221,0,-2,-2
43222,0,-2,-2
43223,0,-2,-2
43224,0,-2,-2
43225,0,-2,-2
43226,North Dome,5,10
43227,Sherrill Mountain,5,5
43228,0,-2,-2
43229,0,-2,-2
43230,0,-2,-2
43231,0,-2,-2
43232,0,-2,-2
43233,Plateau Mountain,5,24
43234,Sugarloaf Mountain,5,23
43235,0,-2,-2
43236,0,-2,-2
43237,0,-2,-2
43238,0,-2,-2
43239,0,-2,-2
43240,Bearpen Mountain,5,7
43241,Vly Mountain,5,3
43242,0,-2,-2
43243,0,-2,-2
43244,Rusk Mountain,5,15
43245,0,-2,-2
43246,0,-2,-2
43247,0,-2,-2
43248,0,-2,-2
43249,0,-2,-2
43250,0,-2,-2
43251,0,-2,-2
43252,0,-2,-2
43253,Bearpen Mountain,6,7
43254,North Dome,6,10
43255,Vly Mountain,6,3
43256,Sherrill Mountain,6,5
43257,0,-2,-2
43258,0,-2,-2
43259,0,-2,-2
43260,0,-2,-2
43261,Graham Mountain,6,29
43262,Doubletop Mountain,6,28
43263,0,-2,-2
43264,0,-2,-2
43265,0,-2,-2
43266,0,-2,-2
43267,0,-2,-2
43268,Panther Mountain,6,18
43269,0,-2,-2
43270,0,-2,-2
43271,0,-2,-2
43272,Halcott Mountain,6,4
43273,0,-2,-2
43274,0,-2,-2
43275,Kaaterskill High Peak,6,14
43276,,-2,-2
43277,,-2,-2
43278,Peekamoose Mountain,6,25
43279,Lone Mountain,6,19
43280,Rocky Mountain,6,1
43281,Table Mountain,6,26
43282,0,-2,-2
43283,0,-2,-2
43284,0,-2,-2
43285,Friday Mountain,7,16
43286,Balsam Cap,7,12
43287,0,-2,-2
43288,0,-2,-2
43289,West Kill,7,30
43290,0,-2,-2
43291,0,-2,-2
43292,0,-2,-2
43293,0,-2,-2
43294,0,-2,-2
43295,0,-2,-2
43296,0,-2,-2
43297,0,-2,-2
43298,0,-2,-2
43299,0,-2,-2
43300,0,-2,-2
43301,0,-2,-2
43302,0,-2,-2
43303,Doubletop Mountain,7,28
43304,0,-2,-2
43305,0,-2,-2
43306,0,-2,-2
43307,0,-2,-2
43308,Rocky Mountain,7,1
43309,Panther Mountain,7,18
43310,Lone Mountain,7,19
43311,Table Mountain,7,26
43312,Peekamoose Mountain,7,25
43313,0,-2,-2
43314,0,-2,-2
43315,0,-2,-2
43316,0,-2,-2
43317,0,-2,-2
43318,0,-2,-2
43319,0,-2,-2
43320,0,-2,-2
43321,0,-2,-2
43322,0,-2,-2
43323,0,-2,-2
43324,Friday Mountain,8,16
43325,Balsam Cap,8,12
43326,0,-2,-2
43327,0,-2,-2
43328,0,-2,-2
43329,0,-2,-2
43330,0,-2,-2
43331,0,-2,-2
43332,0,-2,-2
43333,0,-2,-2
43334,0,-2,-2
43335,0,-2,-2
43336,0,-2,-2
43337,0,-2,-2
43338,Table Mountain,8,26
43339,Peekamoose Mountain,8,25
43340,Lone Mountain,8,19
43341,Rocky Mountain,8,1
43342,0,-2,-2
43343,0,-2,-2
43344,0,-2,-2
43345,Plateau Mountain,9,24
43346,Bearpen Mountain,9,7
43347,Sugarloaf Mountain,9,23
43348,Vly Mountain,9,3
43349,0,-2,-2
43350,0,-2,-2
43351,0,-2,-2
43352,0,-2,-2
43353,0,-2,-2
43354,0,-2,-2
43355,0,-2,-2
43356,0,-2,-2
43357,0,-2,-2
43358,0,-2,-2
43359,Eagle Mountain,9,9
43360,Balsam Mountain,9,8
43361,0,-2,-2
43362,0,-2,-2
43363,0,-2,-2
43364,0,-2,-2
43365,Big Indian Mountain,9,17
43366,Fir Mountain,9,11
43367,0,-2,-2
43368,0,-2,-2
43369,0,-2,-2
43370,0,-2,-2
43371,0,-2,-2
43372,Sherrill Mountain,9,5
43373,North Dome,9,10
43374,,-2,-2
43375,0,-2,-2
43376,0,-2,-2
43377,0,-2,-2
43378,Kaaterskill High Peak,10,14
43379,0,-2,-2
43380,Graham Mountain,10,29
43381,Balsam Lake Mountain,10,20
43382,Doubletop Mountain,10,28
43383,0,-2,-2
43384,0,-2,-2
43385,0,-2,-2
43386,0,-2,-2
43387,North Dome,10,10
43388,Sherrill Mountain,10,5
43389,0,-2,-2
43390,0,-2,-2
43391,0,-2,-2
43392,0,-2,-2
43393,0,-2,-2
43394,Eagle Mountain,10,9
43395,Balsam Mountain,10,8
43396,0,-2,-2
43397,0,-2,-2
43398,0,-2,-2
43399,Big Indian Mountain,10,17
43400,Fir Mountain,10,11
43401,0,-2,-2
43402,0,-2,-2
43403,0,-2,-2
43404,0,-2,-2
43405,0,-2,-2
43406,0,-2,-2
43407,0,-2,-2
43408,Lone Mountain,11,19
43409,Rocky Mountain,11,1
43410,0,-2,-2
43411,0,-2,-2
43412,0,-2,-2
43413,0,-2,-2
43414,0,-2,-2
43415,Graham Mountain,11,29
43416,Balsam Lake Mountain,11,20
43417,Doubletop Mountain,11,28
43418,0,-2,-2
43419,0,-2,-2
43420,0,-2,-2
43421,0,-2,-2
43422,0,-2,-2
43423,0,-2,-2
43424,0,-2,-2
43425,0,-2,-2
43426,0,-2,-2
43427,0,-2,-2
43428,0,-2,-2
43429,Friday Mountain,11,16
43430,Balsam Cap,11,12
43431,0,-2,-2
43432,0,-2,-2
43433,0,-2,-2
43434,Rusk Mountain,11,15
43435,0,-2,-2
43436,0,-2,-2
43437,0,-2,-2
43438,0,-2,-2
43439,0,-2,-2
43440,0,-2,-2
43441,0,-2,-2
43442,Panther Mountain,12,18
43443,0,-2,-2
43444,0,-2,-2
43445,0,-2,-2
43446,0,-2,-2
43447,0,-2,-2
43448,0,-2,-2
43449,0,-2,-2
43450,0,-2,-2
43451,0,-2,-2
43452,0,-2,-2
43453,0,-2,-2
43454,0,-2,-2
43455,0,-2,-2
43456,0,-2,-2
43457,0,-2,-2
43458,0,-2,-2
43459,0,-2,-2
43460,0,-2,-2
43461,0,-2,-2
43462,0,-2,-2
43463,0,-2,-2
43464,0,-2,-2
43465,0,-2,-2
43466,0,-2,-2
43467,Friday Mountain,1,16
43468,Balsam Cap,1,12
43469,Big Indian Mountain,1,17
43470,Fir Mountain,1,11
43471,0,-2,-2
43472,Halcott Mountain,1,4
43473,0,-2,-2
43474,0,-2,-2
43475,0,-2,-2
43476,0,-2,-2
43477,0,-2,-2
43478,Kaaterskill High Peak,1,14
43479,0,-2,-2
43480,0,-2,-2
43481,0,-2,-2
43482,0,-2,-2
43483,0,-2,-2
43484,0,-2,-2
43485,0,-2,-2
43486,0,-2,-2
43487,0,-2,-2
43488,0,-2,-2
43489,0,-2,-2
43490,0,-2,-2
43491,0,-2,-2
43492,0,-2,-2
43493,0,-2,-2
43494,0,-2,-2
43495,0,-2,-2
43496,0,-2,-2
43497,0,-2,-2
43498,0,-2,-2
43499,North Dome,2,10
43500,Sherrill Mountain,2,5
43501,Panther Mountain,2,18
43502,Halcott Mountain,2,4
43503,0,-2,-2
43504,0,-2,-2
43505,Graham Mountain,2,29
43506,Balsam Lake Mountain,2,20
43507,Big Indian Mountain,2,17
43508,Fir Mountain,2,11
43509,0,-2,-2
43510,0,-2,-2
43511,West Kill,2,30
43512,0,-2,-2
43513,Table Mountain,2,26
43514,Peekamoose Mountain,2,25
43515,Kaaterskill High Peak,2,14
43516,Doubletop Mountain,2,28
43517,0,-2,-2
43518,0,-2,-2
43519,0,-2,-2
43520,0,-2,-2
43521,0,-2,-2
43522,0,-2,-2
43523,0,-2,-2
43524,0,-2,-2
43525,Graham Mountain,3,29
43526,Balsam Lake Mountain,3,20
43527,North Dome,3,10
43528,Sherrill Mountain,3,5
43529,0,-2,-2
43530,0,-2,-2
43531,West Kill,3,30
43532,0,-2,-2
43533,0,-2,-2
43534,0,-2,-2
43535,0,-2,-2
43536,0,-2,-2
43537,0,-2,-2
43538,0,-2,-2
43539,0,-2,-2
43540,Rusk Mountain,3,15
43541,Big Indian Mountain,3,17
43542,Fir Mountain,3,11
43543,Halcott Mountain,3,4
43544,0,-2,-2
43545,0,-2,-2
43546,0,-2,-2
43547,0,-2,-2
43548,Friday Mountain,3,16
43549,Balsam Cap,3,12
43550,0,-2,-2
43551,0,-2,-2
43552,0,-2,-2
43553,0,-2,-2
43554,0,-2,-2
43555,0,-2,-2
43556,Panther Mountain,4,18
43557,0,-2,-2
43558,0,-2,-2
43559,0,-2,-2
43560,0,-2,-2
43561,0,-2,-2
43562,Table Mountain,4,26
43563,Peekamoose Mountain,4,25
43564,Lone Mountain,4,19
43565,Rocky Mountain,4,1
43566,Kaaterskill High Peak,4,14
43567,0,-2,-2
43568,0,-2,-2
43569,0,-2,-2
43570,0,-2,-2
43571,Big Indian Mountain,4,17
43572,Fir Mountain,4,11
43573,0,-2,-2
43574,0,-2,-2
43575,0,-2,-2
43576,0,-2,-2
43577,0,-2,-2
43578,0,-2,-2
43579,0,-2,-2
43580,0,-2,-2
43581,0,-2,-2
43582,0,-2,-2
43583,0,-2,-2
43584,0,-2,-2
43585,0,-2,-2
43586,0,-2,-2
43587,0,-2,-2
43588,0,-2,-2
43589,0,-2,-2
43590,0,-2,-2
43591,0,-2,-2
43592,0,-2,-2
43593,0,-2,-2
43594,0,-2,-2
43595,0,-2,-2
43596,0,-2,-2
43597,0,-2,-2
43598,0,-2,-2
43599,0,-2,-2
43600,0,-2,-2
43601,0,-2,-2
43602,0,-2,-2
43603,0,-2,-2
43604,0,-2,-2
43605,0,-2,-2
43606,0,-2,-2
43607,0,-2,-2
43608,0,-2,-2
43609,0,-2,-2
43610,0,-2,-2
43611,0,-2,-2
43612,0,-2,-2
43613,0,-2,-2
43614,0,-2,-2
43615,0,-2,-2
43616,0,-2,-2
43617,0,-2,-2
43618,0,-2,-2
43619,0,-2,-2
43620,0,-2,-2
43621,0,-2,-2
43622,0,-2,-2
43623,0,-2,-2
43624,0,-2,-2
43625,Rusk Mountain,6,15
43626,0,-2,-2
43627,0,-2,-2
43628,0,-2,-2
43629,0,-2,-2
43630,0,-2,-2
43631,0,-2,-2
43632,West Kill,6,30
43633,0,-2,-2
43634,0,-2,-2
43635,0,-2,-2
43636,0,-2,-2
43637,0,-2,-2
43638,0,-2,-2
43639,0,-2,-2
43640,0,-2,-2
43641,0,-2,-2
43642,0,-2,-2
43643,0,-2,-2
43644,0,-2,-2
43645,0,-2,-2
43646,0,-2,-2
43647,0,-2,-2
43648,0,-2,-2
43649,0,-2,-2
43650,0,-2,-2
43651,0,-2,-2
43652,0,-2,-2
43653,0,-2,-2
43654,0,-2,-2
43655,0,-2,-2
43656,0,-2,-2
43657,0,-2,-2
43658,0,-2,-2
43659,0,-2,-2
43660,0,-2,-2
43661,0,-2,-2
43662,0,-2,-2
43663,0,-2,-2
43664,0,-2,-2
43665,0,-2,-2
43666,0,-2,-2
43667,0,-2,-2
43668,0,-2,-2
43669,0,-2,-2
43670,0,-2,-2
43671,0,-2,-2
43672,0,-2,-2
43673,0,-2,-2
43674,0,-2,-2
43675,0,-2,-2
43676,0,-2,-2
43677,0,-2,-2
43678,0,-2,-2
43679,0,-2,-2
43680,0,-2,-2
43681,0,-2,-2
43682,0,-2,-2
43683,0,-2,-2
43684,0,-2,-2
43685,0,-2,-2
43686,0,-2,-2
43687,0,-2,-2
43688,0,-2,-2
43689,0,-2,-2
43690,0,-2,-2
43691,0,-2,-2
43692,0,-2,-2
43693,0,-2,-2
43694,0,-2,-2
43695,0,-2,-2
43696,0,-2,-2
43697,0,-2,-2
43698,0,-2,-2
43699,0,-2,-2
43700,0,-2,-2
43701,0,-2,-2
43702,0,-2,-2
43703,0,-2,-2
43704,0,-2,-2
43705,0,-2,-2
43706,0,-2,-2
43707,0,-2,-2
43708,0,-2,-2
43709,Kaaterskill High Peak,9,14
43710,0,-2,-2
43711,0,-2,-2
43712,0,-2,-2
43713,0,-2,-2
43714,0,-2,-2
43715,0,-2,-2
43716,Rusk Mountain,9,15
43717,Halcott Mountain,9,4
43718,0,-2,-2
43719,0,-2,-2
43720,0,-2,-2
43721,0,-2,-2
43722,0,-2,-2
43723,0,-2,-2
43724,0,-2,-2
43725,0,-2,-2
43726,0,-2,-2
43727,0,-2,-2
43728,0,-2,-2
43729,0,-2,-2
43730,0,-2,-2
43731,0,-2,-2
43732,0,-2,-2
43733,0,-2,-2
43734,0,-2,-2
43735,0,-2,-2
43736,0,-2,-2
43737,0,-2,-2
43738,0,-2,-2
43739,0,-2,-2
43740,0,-2,-2
43741,0,-2,-2
43742,0,-2,-2
43743,0,-2,-2
43744,Halcott Mountain,10,4
43745,0,-2,-2
43746,0,-2,-2
43747,0,-2,-2
43748,0,-2,-2
43749,0,-2,-2
43750,0,-2,-2
43751,West Kill,10,30
43752,0,-2,-2
43753,0,-2,-2
43754,0,-2,-2
43755,0,-2,-2
43756,0,-2,-2
43757,0,-2,-2
43758,0,-2,-2
43759,0,-2,-2
43760,0,-2,-2
43761,0,-2,-2
43762,0,-2,-2
43763,0,-2,-2
43764,0,-2,-2
43765,0,-2,-2
43766,0,-2,-2
43767,0,-2,-2
43768,0,-2,-2
43769,0,-2,-2
43770,0,-2,-2
43771,0,-2,-2
43772,0,-2,-2
43773,Panther Mountain,11,18
43774,0,-2,-2
43775,0,-2,-2
43776,0,-2,-2
43777,0,-2,-2
43778,0,-2,-2
43779,0,-2,-2
43780,0,-2,-2
43781,0,-2,-2
43782,0,-2,-2
43783,0,-2,-2
43784,0,-2,-2
43785,0,-2,-2
43786,0,-2,-2
43787,0,-2,-2
43788,0,-2,-2
43789,0,-2,-2
43790,0,-2,-2
43791,0,-2,-2
43792,West Kill,11,30
43793,0,-2,-2
43794,0,-2,-2
43795,0,-2,-2
43796,0,-2,-2
43797,0,-2,-2
43798,0,-2,-2
43799,0,-2,-2
43800,0,-2,-2
43801,0,-2,-2
